problem,status,score,%test passed,time,memory,pass_rate,subtask_0,subtask_1,subtask_2,subtask_3,subtask_4,subtask_5
bikesvscars,UNKNOWN,0,0.00%,0.000,0,,0,0,0,0,0,0
ppp,COMPILATION_ERROR,0,0.00%,0.000,0,,0,0,0,0,0,0
findthebox,RUNTIME_ERROR,0,0.00%,0.070,0,,0,0,0,0,0,0
inflation,COMPILATION_ERROR,0,0.00%,0.000,0,,0,0,0,0,0,0
candy,RUNTIME_ERROR,0,28.95%,0.000,0,,0,0,0,0,0,0
sopsug,UNKNOWN,0,0.00%,0.000,0,,0,0,0,0,0,0
guessinggame,COMPILATION_ERROR,0,0.00%,0.000,0,,0,0,0,0,0,0
carnival,RUNTIME_ERROR,0,10.53%,0.080,0.00390625,,0,0,0,0,0,0
TOTAL,,0,4.93%,,,0.00%,,,,,,
