problem,status,score,%test passed,time,memory,pass_rate,subtask_1,subtask_2,subtask_3,subtask_4,subtask_5,subtask_6,subtask_7
2023-open-t1_Ancient_Machine_2,COMPILATION_ERROR,0,0.00%,0.000,0,,0,0,0,0,0,0,0
2023-open-t2_Cell_Automaton,COMPILATION_ERROR,0,0.00%,0.000,0,,0,0,0,0,0,0,0
2023-open-t3_Garden,RUNTIME_ERROR,0,9.52%,0.220,5.16796875,,0,0,0,0,0,0,0
2023-sp_Two_Currencies,COMPILATION_ERROR,0,0.00%,0.000,0,,0,0,0,0,0,0,0
2023-sp_Festivals_in_JOI_Kingdom_2,RUNTIME_ERROR,0,32.73%,0.000,0,,0,0,0,0,0,0,0
2023-sp_Passport,RUNTIME_ERROR,0,22.41%,0.170,2.84765625,,0,0,0,0,0,0,0
2023-sp_Belt_Conveyor,COMPILATION_ERROR,0,0.00%,0.000,0,,0,0,0,0,0,0,0
2023-sp_Council,TIME_LIMIT_EXCEEDED,0,0.00%,3.600,17.28515625,,0,0,0,0,0,0,0
2023-sp_Mizuyokan_2,COMPILATION_ERROR,0,0.00%,0.000,0,,0,0,0,0,0,0,0
2023-sp_Chorus,RUNTIME_ERROR,0,12.66%,0.000,0,,0,0,0,0,0,0,0
2023-sp_Cookies,RUNTIME_ERROR,0,15.97%,0.000,0,,0,0,0,0,0,0,0
2023-sp_Tourism,COMPILATION_ERROR,0,0.00%,0.000,0,,0,0,0,0,0,0,0
2023-sp_Super_Dango_Maker,COMPILATION_ERROR,0,0.00%,0.000,0,,0,0,0,0,0,0,0
2023-sp_Security_Guard,COMPILATION_ERROR,0,0.00%,0.000,0,,0,0,0,0,0,0,0
2023-sp_Bitaroâ€™s_travel,RUNTIME_ERROR,0,5.17%,0.120,0,,0,0,0,0,0,0,0
2023-ho-t1_Stone_Arranging_2,RUNTIME_ERROR,0,34.94%,0.130,0,,0,0,0,0,0,0,0
2023-ho-t2_Advertisement_2,RUNTIME_ERROR,10,39.66%,0.380,5.16796875,,10,0,0,0,0,0,0
2023-ho-t3_Maze,COMPILATION_ERROR,0,0.00%,0.000,0,,0,0,0,0,0,0,0
2023-ho-t4_Cat_Exercise,COMPILATION_ERROR,0,0.00%,0.000,0,,0,0,0,0,0,0,0
2023-ho-t5_Modern_Machine,TIME_LIMIT_EXCEEDED,0,14.86%,2.760,1.8125,,0,0,0,0,0,0,0
TOTAL,,10,9.40%,,,0.00%,,,,,,,
